Name,Contact
RYANISYIA AIRCON & ELECTRICK SOLUTION,60183843714
AIRCON K SERVICE,60166448253
FLY FORCE SDN BHD,601137921286
SS RENO WORKS,60183738097
SG GLOBAL RESOURCES ENTERPRISE,60163271611
L&N ELECTRONIC SERVICE,60162926041
SYAIS VENTURES,60108208206
PA STAR ENTERPRISE,60183886212
DREAMCOOL ELECTRICAL SERVICES,60139963329
AUTHENTIC MODEL SDN BHD,60109245004
FAROOQ HOME MAINTENANCE,601126404093
AR WORK ENTERPRISE,60172366039
J BRICKS BUILDER,601123025463
WACE RESOURCES,60163895625
DVINE RENOVATION,60192669558
ERFAN 25 ENTERPRISE,60182841309
Z KITCHEN INDUSTRY,60197919881
